subject_id,sex,age,bmi,neck_circumference_cm,hypertension,sedative_use,alcohol_use,prior_ahi,osa_severity,ahi_real,ess_score,stopbang_score,cpap_prescribed,cpap_adherent,synthetic_linkage,linkage_basis
a01,F,44,40.0,47.6,1,0,0,41.2,severe,52.0,16,6,1,1,True,ahi_severity_band
a02,F,55,42.3,45.8,1,0,1,55.5,severe,45.0,16,7,0,0,True,ahi_severity_band
a03,M,67,34.6,44.4,1,0,1,50.0,severe,38.0,18,7,0,0,True,ahi_severity_band
a04,F,46,26.9,43.5,1,1,0,18.3,moderate,28.0,14,5,1,0,True,ahi_severity_band
a05,F,57,27.7,42.2,1,0,0,23.0,moderate,22.0,15,6,1,0,True,ahi_severity_band
b01,F,31,26.2,38.2,0,0,1,7.4,mild,12.0,11,1,0,0,True,ahi_severity_band
b02,F,49,29.8,41.5,1,1,0,12.6,mild,8.0,8,2,0,0,True,ahi_severity_band
c01,M,30,26.2,39.4,0,0,0,3.4,normal,3.0,5,1,0,0,True,ahi_severity_band
c02,M,37,23.2,36.0,0,0,0,3.2,normal,1.0,7,2,0,0,True,ahi_severity_band
x01,M,50,35.0,39.6,1,1,0,49.8,severe,60.0,14,5,1,0,True,ahi_severity_band
